-- Insert 5 categories
INSERT INTO "user" (id, firstname, lastname, age, gender, nickname, email, password, avatarURL)
VALUES
    ('1', 'Charley', 'Miller', 12, "M", 'yazmin_fisher', 'a@a', '$2a$04$lLHjjHjpj7NOUFuGRtX/j.xhcejgcoDjYzUNfvUHZSrduRZbEqesq', '/uploads/avatar.1.jpeg'),
    ('230', 'Breanna', 'Swaniawski', 12, "F", 's', 's@a', '$2a$04$lLHjjHjpj7NOUFuGRtX/j.xhcejgcoDjYzUNfvUHZSrduRZbEqesq', '/uploads/avatar.3.jpeg'),
    ('2', 'Krystal', 'Erdman', 12, "F", 'katlyn_zboncak', 'devan.turcotte82@hotmail.com', '$2a$04$pFAHXsdDLPp5banDftsQrOz/XZ0AVveq8b2mEH2lHzEnzvStZBpeq', '/uploads/avatar.2.jpeg'),
    ('3', 'Leann', 'Mills', 12, "M", 'rosal_da54', 'alayna52@hotmail.com', '$2a$04$pFAHXsdDLPp5banDftsQrOz/XZ0AVveq8b2mEH2lHzEnzvStZBpeq', '/uploads/avatar.3.jpeg'),
    ('4', 'Julia', 'Legros', 12, "M", 'herta31', 'melany.brown8@gmail.com', '$2a$04$pFAHXsdDLPp5banDftsQrOz/XZ0AVveq8b2mEH2lHzEnzvStZBpeq', '/uploads/avatar.4.jpeg'),
    ('6', 'Chaim', 'Murray', 12, "M", 'rodolfo_simonis58', 'cathy25@hotmail.com', '$2a$04$pFAHXsdDLPp5banDftsQrOz/XZ0AVveq8b2mEH2lHzEnzvStZBpeq', '/uploads/avatar.1.jpeg'),
    ('7', 'Ryan', 'Berge', 12, "F", 'boris_boyle49', 'amalia_mann@yahoo.com', '$2a$04$pFAHXsdDLPp5banDftsQrOz/XZ0AVveq8b2mEH2lHzEnzvStZBpeq', '/uploads/avatar.1.jpeg'),
    ('8', 'Myrtis', 'Stroman', 12, "M", 'geovanny50', 'chris69@hotmail.com', '$2a$04$pFAHXsdDLPp5banDftsQrOz/XZ0AVveq8b2mEH2lHzEnzvStZBpeq', '/uploads/avatar.5.jpeg'),
    ('9', 'Alysa', 'Lebsack', 12, "M", 'kristian_heaney', 'wilfredo.gorczany@yahoo.com', '$2a$04$pFAHXsdDLPp5banDftsQrOz/XZ0AVveq8b2mEH2lHzEnzvStZBpeq', '/uploads/avatar.2.jpeg'),
    ('10', 'Leola', 'Hamill', 12, "F", 'lavinia_koch', 'kyle.batz@hotmail.com', '$2a$04$pFAHXsdDLPp5banDftsQrOz/XZ0AVveq8b2mEH2lHzEnzvStZBpeq', '/uploads/avatar.4.jpeg'),
    ('11', 'Madilyn', 'Kovacek', 12, "M", 'bo.damore', 'nolan_pagac70@gmail.com', '$2a$04$pFAHXsdDLPp5banDftsQrOz/XZ0AVveq8b2mEH2lHzEnzvStZBpeq', '/uploads/avatar.2.jpeg'),
    ('12', 'Alaina', 'Schamberger', 12, "M", 'garland.keeling', 'moises50@gmail.com', '$2a$04$pFAHXsdDLPp5banDftsQrOz/XZ0AVveq8b2mEH2lHzEnzvStZBpeq', '/uploads/avatar.5.jpeg'),
    ('13', 'Cletus', 'McClure', 12, "F", 'lura_walker', 'reba.stiedemann@gmail.com', '$2a$04$pFAHXsdDLPp5banDftsQrOz/XZ0AVveq8b2mEH2lHzEnzvStZBpeq', '/uploads/avatar.3.jpeg'),
    ('14', 'Jarrell', 'Bednar', 12, "M", 'anabel58', 'bobbie_haley@gmail.com', '$2a$04$pFAHXsdDLPp5banDftsQrOz/XZ0AVveq8b2mEH2lHzEnzvStZBpeq', '/uploads/avatar.3.jpeg'),
    ('15', 'Herta', 'Raynor', 12, "M", 'filomena.jacobi97', 'otilia.oconner64@gmail.com', '$2a$04$pFAHXsdDLPp5banDftsQrOz/XZ0AVveq8b2mEH2lHzEnzvStZBpeq', '/uploads/avatar.4.jpeg'),
    ('16', 'Marshall', 'Buckridge', 12, "M", 'syble.lueilwitz16', 'destin65@yahoo.com', '$2a$04$pFAHXsdDLPp5banDftsQrOz/XZ0AVveq8b2mEH2lHzEnzvStZBpeq', '/uploads/avatar.2.jpeg'),
    ('17', 'Bill', 'Schuppe', 12, "F", 'rosalyn17', 'anabelle57@gmail.com', '$2a$04$pFAHXsdDLPp5banDftsQrOz/XZ0AVveq8b2mEH2lHzEnzvStZBpeq', '/uploads/avatar.1.jpeg'),
    ('18', 'Shawna', 'Paucek', 12, "M", 'adah.hammes', 'seth_schmeler@gmail.com', '$2a$04$pFAHXsdDLPp5banDftsQrOz/XZ0AVveq8b2mEH2lHzEnzvStZBpeq', '/uploads/avatar.2.jpeg'),
    ('19', 'Elaina', 'Kemmer', 12, "M", 'lempi.ward', 'treva.rogahn@hotmail.com', '$2a$04$pFAHXsdDLPp5banDftsQrOz/XZ0AVveq8b2mEH2lHzEnzvStZBpeq', '/uploads/avatar.4.jpeg'),
    ('20', 'Graciela', 'Cruickshank', 12, "M", 'ferne.hartmann', 'michele_kling87@yahoo.com', '$2a$04$pFAHXsdDLPp5banDftsQrOz/XZ0AVveq8b2mEH2lHzEnzvStZBpeq', '/uploads/avatar.4.jpeg'),
    ('21', 'Loyal', 'Heller', 12, "M", 'einar_schulist', 'danyka.gaylord59@gmail.com', '$2a$04$pFAHXsdDLPp5banDftsQrOz/XZ0AVveq8b2mEH2lHzEnzvStZBpeq', '/uploads/avatar.3.jpeg'),
    ('22', 'Shawna', 'Dickinson', 12, "F", 'anabelle.von', 'bertrand_mclaughlin@gmail.com', '$2a$04$pFAHXsdDLPp5banDftsQrOz/XZ0AVveq8b2mEH2lHzEnzvStZBpeq', '/uploads/avatar.4.jpeg'),
    ('23', 'Armando', 'Morissette', 12, "F", 'arnold.padberg', 'cole_sporer@yahoo.com', '$2a$04$pFAHXsdDLPp5banDftsQrOz/XZ0AVveq8b2mEH2lHzEnzvStZBpeq', '/uploads/avatar.1.jpeg'),
    ('24', 'Marlin', 'Ziemann', 12, "M", 'edmond20', 'admin@ok.com', '$2a$04$pFAHXsdDLPp5banDftsQrOz/XZ0AVveq8b2mEH2lHzEnzvStZBpeq', '/uploads/avatar.5.jpeg'),
    ('5', 'Felix', 'Barton', 12, "F", 'andreane_flatley', 'melyna.beahan7@gmail.com', '$2a$04$pFAHXsdDLPp5banDftsQrOz/XZ0AVveq8b2mEH2lHzEnzvStZBpeq', '/uploads/avatar.5.jpeg');

-- Insert 10 categories
INSERT INTO "category" (id, name, createDate)
VALUES
    ('1', 'Painting',  strftime('%Y-%m-%d %H:%M:%S', datetime('now'))),
    ('2', 'Sculpture',  strftime('%Y-%m-%d %H:%M:%S', datetime('now'))),
    ('3', 'Photography',  strftime('%Y-%m-%d %H:%M:%S', datetime('now'))),
    ('4', 'Digital Art',  strftime('%Y-%m-%d %H:%M:%S', datetime('now'))),
    ('5', 'Drawing',  strftime('%Y-%m-%d %H:%M:%S', datetime('now'))),
    ('6', 'Mixed Media',  strftime('%Y-%m-%d %H:%M:%S', datetime('now'))),
    ('7', 'Printmaking',  strftime('%Y-%m-%d %H:%M:%S', datetime('now'))),
    ('8', 'Ceramics',  strftime('%Y-%m-%d %H:%M:%S', datetime('now'))),
    ('9', 'Installation Art',  strftime('%Y-%m-%d %H:%M:%S', datetime('now'))),
    ('10', 'Performance Art',  strftime('%Y-%m-%d %H:%M:%S', datetime('now')));

INSERT INTO "post" (id, slug, title, description, authorID, createDate)
VALUES
    ('1', 'sunset-landscape', 'Sunset Landscape', 'A beautiful sunset landscape painting.', '1',  "2023-06-10 19:59:44"),
    ('2', 'abstract-expression', 'Abstract Expression', 'An abstract expressionist painting with bold colors.', '2',  "2023-04-27 03:39:42"),
    ('11', 'bronze-sculpture', 'Bronze Sculpture', 'A classical bronze sculpture of a figure.', '3',  "2023-01-26 21:14:26"),
    ('12', 'modern-sculpture', 'Modern Sculpture', 'A contemporary abstract sculpture made from metal and wood.', '4',  "2023-08-01 04:55:25"),
    ('21', 'cityscape-at-night', 'Cityscape at Night', 'A stunning cityscape photograph captured at night.', '5',  "2023-04-23 04:40:53"),
    ('22', 'nature-close-up', 'Nature Close-up', 'A macro photograph of a flower in nature.', '1',  "2023-02-16 19:52:49"),
    ('31', 'digital-painting', 'Digital Painting', 'A digital painting created using a graphics tablet.', '1',  "2023-06-04 15:24:12"),
    ('32', 'sci-fi-concept', 'Sci-Fi Concept Art', 'A concept art of a futuristic city in a sci-fi world.', '1',  "2023-08-02 20:18:47"),
    ('41', 'charcoal-portrait', 'Charcoal Portrait', 'A realistic charcoal portrait of a person.', '2',  "2023-04-17 15:47:47"),
    ('42', 'ink-sketch', 'Ink Sketch', 'An ink sketch of a cityscape.', '2',  "2023-06-03 17:01:39"),
    ('51', 'collage-art', 'Collage Art', 'A collage artwork combining various materials.', '5',  "2023-06-04 05:23:54"),
    ('52', 'assemblage', 'Assemblage', 'An assemblage art piece created from found objects.', '4',  "2023-01-24 22:35:27"),
    ('61', 'linocut-print', 'Linocut Print', 'A linocut print of a nature scene.', '4',  "2023-03-28 03:03:30"),
    ('62', 'etching', 'Etching', 'An etching print with intricate details.', '4',  "2022-09-20 09:12:45"),
    ('71', 'porcelain-vase', 'Porcelain Vase', 'A delicate porcelain vase with intricate patterns.', '3',  "2022-12-01 15:38:42"),
    ('72', 'stoneware-sculpture', 'Stoneware Sculpture', 'A stoneware sculpture of an animal.', '4',  "2023-08-06 09:34:15"),
    ('81', 'interactive-installation', 'Interactive Installation', 'An interactive art installation involving lights and sound.', '5',  "2023-01-08 02:16:15"),
    ('82', 'sculptural-installation', 'Sculptural Installation', 'A large-scale sculptural installation in a public space.', '4',  strftime('%Y-%m-%d %H:%M:%S', datetime('now'))),
    ('91', 'live-art-performance', 'Live Art Performance', 'A live art performance involving movement and expression.', '1',  strftime('%Y-%m-%d %H:%M:%S', datetime('now'))),
    ('92', 'body-painting-show', 'Body Painting Show', 'A body painting performance with intricate designs.', '4',  strftime('%Y-%m-%d %H:%M:%S', datetime('now')));

INSERT INTO "post_category" (id, categoryID, postID)
VALUES
    ('11', '1', '1'),
    ('12', '1', '2'),
    ('211', '2', '11'),
    ('212', '2', '12'),
    ('321', '3', '21'),
    ('322', '3', '22'),
    ('431', '4', '31'),
    ('432', '4', '32'),
    ('541', '5', '41'),
    ('542', '5', '42'),
    ('651', '6', '51'),
    ('652', '6', '52'),
    ('761', '7', '61'),
    ('762', '7', '62'),
    ('871', '8', '71'),
    ('872', '8', '72'),
    ('981', '9', '81'),
    ('982', '9', '82'),
    ('1091', '10', '91'),
    ('1092', '10', '92');

INSERT INTO comment(id, text, authorID, postID, createDate)
VALUES
    ("0", "beautiful", "4", "1",  strftime('%Y-%m-%d %H:%M:%S', datetime('now'))),
    ("01", "beautiful", "5", "1",  strftime('%Y-%m-%d %H:%M:%S', datetime('now'))),
    ("02", "beautiful", "2", "1",  strftime('%Y-%m-%d %H:%M:%S', datetime('now'))),
    ("03", "beautiful", "5", "1",  strftime('%Y-%m-%d %H:%M:%S', datetime('now'))),
    ("04", "beautiful", "5", "11",  strftime('%Y-%m-%d %H:%M:%S', datetime('now'))),
    ("1", "waouh!", "3", "12",  strftime('%Y-%m-%d %H:%M:%S', datetime('now'))),
    ("11", "waouh!", "4", "12",  strftime('%Y-%m-%d %H:%M:%S', datetime('now'))),
    ("12", "waouh!", "5", "21",  strftime('%Y-%m-%d %H:%M:%S', datetime('now'))),
    ("13", "waouh!", "5", "22",  strftime('%Y-%m-%d %H:%M:%S', datetime('now'))),
    ("14", "waouh!", "1", "32",  strftime('%Y-%m-%d %H:%M:%S', datetime('now'))),
    ("2", "nice", "4", "41",  strftime('%Y-%m-%d %H:%M:%S', datetime('now'))),
    ("21", "nickel", "5", "51",  strftime('%Y-%m-%d %H:%M:%S', datetime('now'))),
    ("22", "niceuh", "1", "52",  strftime('%Y-%m-%d %H:%M:%S', datetime('now'))),
    ("3", "respect!", "4", "72",  strftime('%Y-%m-%d %H:%M:%S', datetime('now'))),
    ("31", "respect!", "5", "72",  strftime('%Y-%m-%d %H:%M:%S', datetime('now'))),
    ("4", "beautiful", "4", "72",  strftime('%Y-%m-%d %H:%M:%S', datetime('now'))),
    ("5", "beautiful", "1", "82",  strftime('%Y-%m-%d %H:%M:%S', datetime('now'))),
    ("6", "beautiful", "2", "82",  strftime('%Y-%m-%d %H:%M:%S', datetime('now'))),
    ("7", "beautiful", "2", "91",  strftime('%Y-%m-%d %H:%M:%S', datetime('now'))),
    ("8", "beautiful", "3", "91",  strftime('%Y-%m-%d %H:%M:%S', datetime('now')));
